epoch,train_loss,val_loss,val_hr,val_ndcg,val_mrr,val_action_acc
1,9.400785272771662,10.285601377487183,0.0022786458333333335,0.0010099657714211692,0.0006410952119040303,0.47216564833672775
